"0","Yahoo Privacy Center ","Introductory/Generic"
"1","Welcome to the Yahoo Privacy Center -- take a look around. You'll learn how Yahoo treats your personal information, along with ways to control your preferences and settings. As always, Yahoo is committed to gaining your trust. ","Introductory/Generic"
"2"," WHAT THIS PRIVACY POLICY COVERS Yahoo takes your privacy seriously. Please read the following to learn more about our privacy policy. The federal government and technology industry have developed practical tips to help you guard against Internet fraud, secure your computer and protect your personal information. ","Introductory/Generic"
"2"," WHAT THIS PRIVACY POLICY COVERS Yahoo takes your privacy seriously. Please read the following to learn more about our privacy policy. The federal government and technology industry have developed practical tips to help you guard against Internet fraud, secure your computer and protect your personal information. ","Other"
"3"," How Yahoo Uses Your Personal Information This policy covers how Yahoo treats personal information that Yahoo collects and receives, including information related to your past use of Yahoo products and services. Personal information is information about you that is personally identifiable like your name, address, email address, or phone number, and that is not otherwise publicly available. ","Introductory/Generic"
"4"," This privacy policy only applies to Yahoo This policy does not apply to the practices of companies that Yahoo does not own or control, or to people that Yahoo does not employ or manage. In addition, some companies that Yahoo has acquired have their own, preexisting privacy policies which may be viewed on our acquired companies page. ","Other"
"5"," Yahoo's participation in the Safe Harbor program Yahoo participates in the Safe Harbor program developed by the U.S. Department of Commerce and the European Union. To view our certification, visit the U.S. Department of Commerce's Safe Harbor Web site. For more information about Yahoo's participation in the Safe Harbor program, please visit our Safe Harbor details page. ","International and Specific Audiences"
"6"," INFORMATION COLLECTION AND USE General Yahoo collects personal information when you register with Yahoo, when you use Yahoo products or services, when you visit Yahoo pages or the pages of certain Yahoo partners, and when you enter promotions or sweepstakes. Yahoo may combine information about you that we have with information we obtain from business partners or other companies. ","First Party Collection/Use"
"7","When you register we ask for information such as your name, email address, birth date, gender, ZIP code, occupation, industry, and personal interests. For some financial products and services we might also ask for your address, Social Security number, and information about your assets. When you register with Yahoo and sign in to our services, you are not anonymous to us. ","First Party Collection/Use"
"8","Yahoo collects information about your transactions with us and with some of our business partners, including information about your use of financial products and services that we offer. ","First Party Collection/Use"
"9","Yahoo automatically receives and records information from your computer and browser, including your IP address, Yahoo cookie information, software and hardware attributes, and the page you request. ","First Party Collection/Use"
"10","Yahoo uses information for the following general purposes: to customize the advertising and content you see, fulfill your requests for products and services, improve our services, contact you, conduct research, and provide anonymous reporting for internal and external clients. ","First Party Collection/Use"
"11"," CHILDREN With parental permission, a child under age 13 might have a Yahoo Family Account. Visit Children's Privacy Family Accounts to learn more about childrens privacy on Yahoo. ","International and Specific Audiences"
"12"," INFORMATION SHARING AND DISCLOSURE Yahoo does not rent, sell, or share personal information about you with other people or non-affiliated companies except to provide products or services you've requested, when we have your permission, or under the following circumstances: ","Other"
"13","We provide the information to trusted partners who work on behalf of or with Yahoo under confidentiality agreements. These companies may use your personal information to help Yahoo communicate with you about offers from Yahoo and our marketing partners. However, these companies do not have any independent right to share this information. ","Third Party Sharing/Collection"
"13","We provide the information to trusted partners who work on behalf of or with Yahoo under confidentiality agreements. These companies may use your personal information to help Yahoo communicate with you about offers from Yahoo and our marketing partners. However, these companies do not have any independent right to share this information. ","Practice not covered"
"14","We have a parent's permission to share the information if the user is a child under age 13. See Children's Privacy ","International and Specific Audiences"
"15","We respond to subpoenas, court orders, or legal process (such as law enforcement requests), or to establish or exercise our legal rights or defend against legal claims. ","Third Party Sharing/Collection"
"16","We believe it is necessary to share information in order to investigate, prevent, or take action regarding illegal activities, suspected fraud, situations involving potential threats to the physical safety of any person, violations of Yahoo's terms of use, or as otherwise required by law. ","Third Party Sharing/Collection"
"17","We transfer information about you if Yahoo is acquired by or merged with another company. In this event, Yahoo will notify you before information about you is transferred and becomes subject to a different privacy policy. ","Third Party Sharing/Collection"
"18","Yahoo displays targeted advertisements based on personal information. Advertisers (including ad serving companies) may assume that people who interact with, view, or click targeted ads meet the targeting criteria""for example, women ages 18-24 from a particular geographic area. Yahoo does not provide any personal information to the advertiser when you interact with or view a targeted ad. However, by interacting with or viewing an ad you are consenting to the possibility that the advertiser will make the assumption that you meet the targeting criteria used to display the ad. Yahoo advertisers include financial service providers (such as banks, insurance agents, stock brokers and mortgage lenders) and non-financial companies (such as stores, airlines, and software companies). ","Practice not covered"
"19","Yahoo works with vendors, partners, advertisers, and other service providers in different industries and categories of business. For more information regarding providers of products or services that you've requested please read our detailed reference links. ","Introductory/Generic"
"20"," COOKIES AND SIMILAR TECHNOLOGIES Yahoo may set and access Yahoo cookies on your computer. We may also set and access device identifiers which could include IP address, user agent information (browser version, OS type and version), and device provided identifiers. Once you log into Yahoo on your device, Yahoo may recognize your device to provide you with a personalized experience, independent of your device settings. You can control your personalized experience across Yahoo through our Ad Interest Manager. Learn more. ","First Party Collection/Use"
"21","Yahoo lets other companies that show advertisements on some of our pages set and access their cookies on your computer. Other companies' use of their cookies and device identifiers is subject to their own privacy policies, not this one. Advertisers or other companies do not have access to Yahoo's cookies. ","Practice not covered"
"22","Yahoo uses web beacons to access Yahoo cookies inside and outside our network of web sites and in connection with Yahoo products and services. ","First Party Collection/Use"
"23"," Your Ability to Edit and Delete Your Account Information and Preferences You can edit your Yahoo Account Information, including your marketing preferences, at any time. You can also modify information you have provided to Yahoo through the Yahoo products or services you may use. ","User Access, Edit and Deletion"
"24","New categories of marketing communications might be added to the Marketing Preferences page from time to time. Users who visit this page can opt out of receiving future marketing communications from these new categories or they can unsubscribe by following instructions contained in the messages they receive. ","User Choice/Control"
"25","We reserve the right to send you certain communications relating to the Yahoo service, such as service announcements, administrative messages and the Yahoo Newsletter, that are considered part of your Yahoo account, without offering you the opportunity to opt out of receiving them. ","Practice not covered"
"26","You can delete your Yahoo account by visiting our Account Deletion page. Please click here to read about information that might possibly remain in our archived records after your account has been deleted. ","User Access, Edit and Deletion"
"27"," CONFIDENTIALITY AND SECURITY We limit access to personal information about you to employees who we believe reasonably need to come into contact with that information to provide products or services to you or in order to do their jobs. ","Data Security"
"28","We have physical, electronic, and procedural safeguards that comply with federal regulations to protect personal information about you. ","Data Security"
"29","To learn more about security, including the security steps we have taken and security steps you can take, please read Security at Yahoo. ","Data Security"
"30"," CHANGES TO THIS PRIVACY POLICY Yahoo may update this policy. We will notify you about significant changes in the way we treat personal information by sending a notice to the primary email address specified in your Yahoo account or by placing a prominent notice on our site. ","Policy Change"
"31"," QUESTION AND SUGGESTIONS If you have questions, suggestions, or wish to make a complaint, please complete a feedback form or you can contact us at: Yahoo! Inc. Customer Care - Privacy Policy Issues 701 First Avenue Sunnyvale, CA 94089 (408) 349-5070 ","Privacy contact information"
"32","If you feel that your inquiry has not been satisfactorily addressed, please click here for information on consumer agencies that may be able to provide you with additional assistance. ","Privacy contact information"
"33","Last Updated: September 25, 2014","Other"
"2"," WHAT THIS PRIVACY POLICY COVERS Yahoo takes your privacy seriously. Please read the following to learn more about our privacy policy. The federal government and technology industry have developed practical tips to help you guard against Internet fraud, secure your computer and protect your personal information. ","Data Security"
"3"," How Yahoo Uses Your Personal Information This policy covers how Yahoo treats personal information that Yahoo collects and receives, including information related to your past use of Yahoo products and services. Personal information is information about you that is personally identifiable like your name, address, email address, or phone number, and that is not otherwise publicly available. ","First Party Collection/Use"
"4"," This privacy policy only applies to Yahoo This policy does not apply to the practices of companies that Yahoo does not own or control, or to people that Yahoo does not employ or manage. In addition, some companies that Yahoo has acquired have their own, preexisting privacy policies which may be viewed on our acquired companies page. ","Practice not covered"
"6"," INFORMATION COLLECTION AND USE General Yahoo collects personal information when you register with Yahoo, when you use Yahoo products or services, when you visit Yahoo pages or the pages of certain Yahoo partners, and when you enter promotions or sweepstakes. Yahoo may combine information about you that we have with information we obtain from business partners or other companies. ","Practice not covered"
"12"," INFORMATION SHARING AND DISCLOSURE Yahoo does not rent, sell, or share personal information about you with other people or non-affiliated companies except to provide products or services you've requested, when we have your permission, or under the following circumstances: ","Third Party Sharing/Collection"
"17","We transfer information about you if Yahoo is acquired by or merged with another company. In this event, Yahoo will notify you before information about you is transferred and becomes subject to a different privacy policy. ","Practice not covered"
"18","Yahoo displays targeted advertisements based on personal information. Advertisers (including ad serving companies) may assume that people who interact with, view, or click targeted ads meet the targeting criteria""for example, women ages 18-24 from a particular geographic area. Yahoo does not provide any personal information to the advertiser when you interact with or view a targeted ad. However, by interacting with or viewing an ad you are consenting to the possibility that the advertiser will make the assumption that you meet the targeting criteria used to display the ad. Yahoo advertisers include financial service providers (such as banks, insurance agents, stock brokers and mortgage lenders) and non-financial companies (such as stores, airlines, and software companies). ","Introductory/Generic"
"18","Yahoo displays targeted advertisements based on personal information. Advertisers (including ad serving companies) may assume that people who interact with, view, or click targeted ads meet the targeting criteria""for example, women ages 18-24 from a particular geographic area. Yahoo does not provide any personal information to the advertiser when you interact with or view a targeted ad. However, by interacting with or viewing an ad you are consenting to the possibility that the advertiser will make the assumption that you meet the targeting criteria used to display the ad. Yahoo advertisers include financial service providers (such as banks, insurance agents, stock brokers and mortgage lenders) and non-financial companies (such as stores, airlines, and software companies). ","Third Party Sharing/Collection"
"18","Yahoo displays targeted advertisements based on personal information. Advertisers (including ad serving companies) may assume that people who interact with, view, or click targeted ads meet the targeting criteria""for example, women ages 18-24 from a particular geographic area. Yahoo does not provide any personal information to the advertiser when you interact with or view a targeted ad. However, by interacting with or viewing an ad you are consenting to the possibility that the advertiser will make the assumption that you meet the targeting criteria used to display the ad. Yahoo advertisers include financial service providers (such as banks, insurance agents, stock brokers and mortgage lenders) and non-financial companies (such as stores, airlines, and software companies). ","Other"
"19","Yahoo works with vendors, partners, advertisers, and other service providers in different industries and categories of business. For more information regarding providers of products or services that you've requested please read our detailed reference links. ","Other"
"20"," COOKIES AND SIMILAR TECHNOLOGIES Yahoo may set and access Yahoo cookies on your computer. We may also set and access device identifiers which could include IP address, user agent information (browser version, OS type and version), and device provided identifiers. Once you log into Yahoo on your device, Yahoo may recognize your device to provide you with a personalized experience, independent of your device settings. You can control your personalized experience across Yahoo through our Ad Interest Manager. Learn more. ","User Choice/Control"
"21","Yahoo lets other companies that show advertisements on some of our pages set and access their cookies on your computer. Other companies' use of their cookies and device identifiers is subject to their own privacy policies, not this one. Advertisers or other companies do not have access to Yahoo's cookies. ","Other"
"24","New categories of marketing communications might be added to the Marketing Preferences page from time to time. Users who visit this page can opt out of receiving future marketing communications from these new categories or they can unsubscribe by following instructions contained in the messages they receive. ","Other"
"25","We reserve the right to send you certain communications relating to the Yahoo service, such as service announcements, administrative messages and the Yahoo Newsletter, that are considered part of your Yahoo account, without offering you the opportunity to opt out of receiving them. ","User Choice/Control"
"32","If you feel that your inquiry has not been satisfactorily addressed, please click here for information on consumer agencies that may be able to provide you with additional assistance. ","Other"
"33","Last Updated: September 25, 2014","Policy Change"
"4"," This privacy policy only applies to Yahoo This policy does not apply to the practices of companies that Yahoo does not own or control, or to people that Yahoo does not employ or manage. In addition, some companies that Yahoo has acquired have their own, preexisting privacy policies which may be viewed on our acquired companies page. ","Introductory/Generic"
"5"," Yahoo's participation in the Safe Harbor program Yahoo participates in the Safe Harbor program developed by the U.S. Department of Commerce and the European Union. To view our certification, visit the U.S. Department of Commerce's Safe Harbor Web site. For more information about Yahoo's participation in the Safe Harbor program, please visit our Safe Harbor details page. ","Data Security"
"19","Yahoo works with vendors, partners, advertisers, and other service providers in different industries and categories of business. For more information regarding providers of products or services that you've requested please read our detailed reference links. ","Third Party Sharing/Collection"
"21","Yahoo lets other companies that show advertisements on some of our pages set and access their cookies on your computer. Other companies' use of their cookies and device identifiers is subject to their own privacy policies, not this one. Advertisers or other companies do not have access to Yahoo's cookies. ","Third Party Sharing/Collection"
"26","You can delete your Yahoo account by visiting our Account Deletion page. Please click here to read about information that might possibly remain in our archived records after your account has been deleted. ","Data Retention"
"29","To learn more about security, including the security steps we have taken and security steps you can take, please read Security at Yahoo. ","Privacy contact information"
"32","If you feel that your inquiry has not been satisfactorily addressed, please click here for information on consumer agencies that may be able to provide you with additional assistance. ","Introductory/Generic"
"33","Last Updated: September 25, 2014","Introductory/Generic"
