"0","NOTICE OF PRIVACY PRACTICES THIS NOTICE DESCRIBES HOW MEDICAL INFORMATION ABOUT YOU MAY BE USED AND DISCLOSED AND HOW YOU CAN GET ACCESS TO THIS INFORMATION. PLEASE REVIEW IT CAREFULLY. ","Introductory/Generic"
"1","Kaleida Health is required by law to protect the privacy of health information that may reveal your identity, to provide you with this notice of our privacy practices, and to notify you if we become aware of a breach of your health information. A copy of our current notice is posted in our reception areas. You will also be able to obtain your own copies by accessing our website at www.Kaleidahealth.org, calling our office at 716-859- 8559 or asking for one at the time of your next visit. ","Other"
"1","Kaleida Health is required by law to protect the privacy of health information that may reveal your identity, to provide you with this notice of our privacy practices, and to notify you if we become aware of a breach of your health information. A copy of our current notice is posted in our reception areas. You will also be able to obtain your own copies by accessing our website at www.Kaleidahealth.org, calling our office at 716-859- 8559 or asking for one at the time of your next visit. ","Data Security"
"1","Kaleida Health is required by law to protect the privacy of health information that may reveal your identity, to provide you with this notice of our privacy practices, and to notify you if we become aware of a breach of your health information. A copy of our current notice is posted in our reception areas. You will also be able to obtain your own copies by accessing our website at www.Kaleidahealth.org, calling our office at 716-859- 8559 or asking for one at the time of your next visit. ","Introductory/Generic"
"1","Kaleida Health is required by law to protect the privacy of health information that may reveal your identity, to provide you with this notice of our privacy practices, and to notify you if we become aware of a breach of your health information. A copy of our current notice is posted in our reception areas. You will also be able to obtain your own copies by accessing our website at www.Kaleidahealth.org, calling our office at 716-859- 8559 or asking for one at the time of your next visit. ","Privacy contact information"
"2","If you have any questions about this notice or would like further information, please contact the Kaleida Health Privacy Officer at 716-859-8559. ","Privacy contact information"
"3"," WHO WILL FOLLOW THIS NOTICE? Kaleida Health provides health care to patients along with physicians and other health care professionals and organizations. The privacy practices described in this notice will be followed by the following persons at Buffalo General Medical Center, Gates Vascular Institute, Women's and Children's Hospital of Buffalo, Millard Fillmore Suburban Hospital, DeGraff Memorial Hospital, and Kaleida Health affiliated clinics and laboratories: Any health care professional who treats you at any of these locations; All employees, medical staff, trainees, students or volunteers at any of these locations; Any business associates of these facilities (which are described further below). ","Introductory/Generic"
"4"," PERMISSIONS DESCRIBED IN THIS NOTICE This notice will explain the different types of permission we will obtain from you before we use or disclose your health information for a variety of purposes. The three types of permissions referred to in this notice are: A ""general written consent,"" which Kaleida Health must obtain from you in order to use and disclose your health information in order to treat you, obtain payment for that treatment, and conduct our business operations. Kaleida Health must obtain this general written consent the first time we provide you with treatment or services. This general written consent is a broad permission that does not have to be repeated each time we provide treatment or services to you. An ""opportunity to object,"" which Kaleida Health must provide to you before we may use or disclose your health information for certain purposes. In these situations, you will have an opportunity to object to the use or disclosure of your health information in person, over the phone, or in writing. A ""written authorization,"" which will provide you with detailed information about the persons who may receive your health information and the specific purposes for which your health information may be used or disclosed. Kaleida Health is only permitted to use and disclose your health information described on the written authorization in ways that are explained on the written authorization form you have signed. A written authorization will have an expiration date or will expire upon the occurrence of a particular event. ","First Party Collection/Use"
"4"," PERMISSIONS DESCRIBED IN THIS NOTICE This notice will explain the different types of permission we will obtain from you before we use or disclose your health information for a variety of purposes. The three types of permissions referred to in this notice are: A ""general written consent,"" which Kaleida Health must obtain from you in order to use and disclose your health information in order to treat you, obtain payment for that treatment, and conduct our business operations. Kaleida Health must obtain this general written consent the first time we provide you with treatment or services. This general written consent is a broad permission that does not have to be repeated each time we provide treatment or services to you. An ""opportunity to object,"" which Kaleida Health must provide to you before we may use or disclose your health information for certain purposes. In these situations, you will have an opportunity to object to the use or disclosure of your health information in person, over the phone, or in writing. A ""written authorization,"" which will provide you with detailed information about the persons who may receive your health information and the specific purposes for which your health information may be used or disclosed. Kaleida Health is only permitted to use and disclose your health information described on the written authorization in ways that are explained on the written authorization form you have signed. A written authorization will have an expiration date or will expire upon the occurrence of a particular event. ","Third Party Sharing/Collection"
"4"," PERMISSIONS DESCRIBED IN THIS NOTICE This notice will explain the different types of permission we will obtain from you before we use or disclose your health information for a variety of purposes. The three types of permissions referred to in this notice are: A ""general written consent,"" which Kaleida Health must obtain from you in order to use and disclose your health information in order to treat you, obtain payment for that treatment, and conduct our business operations. Kaleida Health must obtain this general written consent the first time we provide you with treatment or services. This general written consent is a broad permission that does not have to be repeated each time we provide treatment or services to you. An ""opportunity to object,"" which Kaleida Health must provide to you before we may use or disclose your health information for certain purposes. In these situations, you will have an opportunity to object to the use or disclosure of your health information in person, over the phone, or in writing. A ""written authorization,"" which will provide you with detailed information about the persons who may receive your health information and the specific purposes for which your health information may be used or disclosed. Kaleida Health is only permitted to use and disclose your health information described on the written authorization in ways that are explained on the written authorization form you have signed. A written authorization will have an expiration date or will expire upon the occurrence of a particular event. ","User Choice/Control"
"5"," IMPORTANT SUMMARY INFORMATION Requirement For Written Authorization. Kaleida Health will generally obtain your written authorization before using your health information or sharing it with others outside the hospital. You may also initiate the transfer of your records to another person by completing a written authorization form. If you provide us with written authorization, you may revoke that written authorization at any time, except to the extent that we have already relied upon it. To revoke a written authorization, please write to the Kaleida Health Privacy Officer, 726 Exchange Street Suite 200, Buffalo, NY 14210 to revoke such authorization. ","User Choice/Control"
"5"," IMPORTANT SUMMARY INFORMATION Requirement For Written Authorization. Kaleida Health will generally obtain your written authorization before using your health information or sharing it with others outside the hospital. You may also initiate the transfer of your records to another person by completing a written authorization form. If you provide us with written authorization, you may revoke that written authorization at any time, except to the extent that we have already relied upon it. To revoke a written authorization, please write to the Kaleida Health Privacy Officer, 726 Exchange Street Suite 200, Buffalo, NY 14210 to revoke such authorization. ","Third Party Sharing/Collection"
"5"," IMPORTANT SUMMARY INFORMATION Requirement For Written Authorization. Kaleida Health will generally obtain your written authorization before using your health information or sharing it with others outside the hospital. You may also initiate the transfer of your records to another person by completing a written authorization form. If you provide us with written authorization, you may revoke that written authorization at any time, except to the extent that we have already relied upon it. To revoke a written authorization, please write to the Kaleida Health Privacy Officer, 726 Exchange Street Suite 200, Buffalo, NY 14210 to revoke such authorization. ","Privacy contact information"
"5"," IMPORTANT SUMMARY INFORMATION Requirement For Written Authorization. Kaleida Health will generally obtain your written authorization before using your health information or sharing it with others outside the hospital. You may also initiate the transfer of your records to another person by completing a written authorization form. If you provide us with written authorization, you may revoke that written authorization at any time, except to the extent that we have already relied upon it. To revoke a written authorization, please write to the Kaleida Health Privacy Officer, 726 Exchange Street Suite 200, Buffalo, NY 14210 to revoke such authorization. ","First Party Collection/Use"
"6","Exceptions To Written Authorization Requirement. There are some situations when we do not need your written authorization before using your health information or sharing it with others. They are: Exception For Treatment, Payment, And Business Operations. Kaleida Health will only obtain your general written consent one time to use and disclose your health information to treat your condition, collect payment for that treatment, or run our business operations. In some cases, Kaleida Health also may disclose your health information to another health care provider or payor for its payment activities and certain of its business operations. For more information, see page 2 of this notice. ","First Party Collection/Use"
"6","Exceptions To Written Authorization Requirement. There are some situations when we do not need your written authorization before using your health information or sharing it with others. They are: Exception For Treatment, Payment, And Business Operations. Kaleida Health will only obtain your general written consent one time to use and disclose your health information to treat your condition, collect payment for that treatment, or run our business operations. In some cases, Kaleida Health also may disclose your health information to another health care provider or payor for its payment activities and certain of its business operations. For more information, see page 2 of this notice. ","Third Party Sharing/Collection"
"7"," Exception For Patient Directory And Disclosure To Family And Friends Involved In Your Care. If you are an inpatient, Kaleida Health will ask you whether you have any objection to including information about you in our Patient Directory or sharing information about your health with your friends and family involved in your care. For more information, see page 3 of this notice. Kaleida Health's policy is to not disclose protected health information about Behavioral Health patients except as permitted or required by law. ","User Choice/Control"
"7"," Exception For Patient Directory And Disclosure To Family And Friends Involved In Your Care. If you are an inpatient, Kaleida Health will ask you whether you have any objection to including information about you in our Patient Directory or sharing information about your health with your friends and family involved in your care. For more information, see page 3 of this notice. Kaleida Health's policy is to not disclose protected health information about Behavioral Health patients except as permitted or required by law. ","Third Party Sharing/Collection"
"7"," Exception For Patient Directory And Disclosure To Family And Friends Involved In Your Care. If you are an inpatient, Kaleida Health will ask you whether you have any objection to including information about you in our Patient Directory or sharing information about your health with your friends and family involved in your care. For more information, see page 3 of this notice. Kaleida Health's policy is to not disclose protected health information about Behavioral Health patients except as permitted or required by law. ","First Party Collection/Use"
"8"," Exception In Emergencies Or Public Need. Kaleida Health may use or disclose your health information in an emergency or for important public needs. For example, we may share your information with public health officials at the New York state or county health departments who are authorized to investigate and control the spread of diseases. For more examples, see pages 3-5 of this notice. ","Third Party Sharing/Collection"
"8"," Exception In Emergencies Or Public Need. Kaleida Health may use or disclose your health information in an emergency or for important public needs. For example, we may share your information with public health officials at the New York state or county health departments who are authorized to investigate and control the spread of diseases. For more examples, see pages 3-5 of this notice. ","First Party Collection/Use"
"9"," Exception If Information Is Completely Or Partially De-Identified. Kaleida Health may use or disclose your health information if we have removed any information that might identify you so that the health information is ""completely de-identified."" Kaleida Health may also use and disclose ""partially de-identified"" information if the person who will receive the information agrees in writing to protect the privacy of the information. For more information, please see page 5 of this notice. ","Third Party Sharing/Collection"
"9"," Exception If Information Is Completely Or Partially De-Identified. Kaleida Health may use or disclose your health information if we have removed any information that might identify you so that the health information is ""completely de-identified."" Kaleida Health may also use and disclose ""partially de-identified"" information if the person who will receive the information agrees in writing to protect the privacy of the information. For more information, please see page 5 of this notice. ","First Party Collection/Use"
"10","Other uses and disclosures of your health information not described in this Notice will be made only with your written authorization. For example, we will not sell your health information or market a party's services or products to you if we are paid by that party to do so, without your written authorization. ","Third Party Sharing/Collection"
"10","Other uses and disclosures of your health information not described in this Notice will be made only with your written authorization. For example, we will not sell your health information or market a party's services or products to you if we are paid by that party to do so, without your written authorization. ","First Party Collection/Use"
"10","Other uses and disclosures of your health information not described in this Notice will be made only with your written authorization. For example, we will not sell your health information or market a party's services or products to you if we are paid by that party to do so, without your written authorization. ","User Choice/Control"
"11","How Someone May Act On Your Behalf. You have the right to name a personal representative who may act on your behalf to control the privacy of your health information. Parents and guardians will generally have the right to control the privacy of health information about minors unless the minors are permitted by law to act on their own behalf. ","International and Specific Audiences"
"11","How Someone May Act On Your Behalf. You have the right to name a personal representative who may act on your behalf to control the privacy of your health information. Parents and guardians will generally have the right to control the privacy of health information about minors unless the minors are permitted by law to act on their own behalf. ","Other"
"11","How Someone May Act On Your Behalf. You have the right to name a personal representative who may act on your behalf to control the privacy of your health information. Parents and guardians will generally have the right to control the privacy of health information about minors unless the minors are permitted by law to act on their own behalf. ","Practice not covered"
"12","Protections For HIV, Alcohol and Substance Abuse, and Mental Health. Special privacy protections apply to HIV-related information and Behavioral Health Information (including alcohol and substance abuse treatment information, and mental health information). Some parts of this general Notice of Privacy Practices may not apply to these types of information. ","Other"
"12","Protections For HIV, Alcohol and Substance Abuse, and Mental Health. Special privacy protections apply to HIV-related information and Behavioral Health Information (including alcohol and substance abuse treatment information, and mental health information). Some parts of this general Notice of Privacy Practices may not apply to these types of information. ","Practice not covered"
"13","How To Obtain A Copy Of This Notice. You have the right to a paper copy of this notice. You may request a paper copy at any time, even if you have previously agreed to receive this notice electronically. To do so, please call the Kaleida Health Privacy Officer at 716-859-8559. You may also obtain a copy of this notice from our website at www.Kaleidahealth.org, or by requesting a copy at your next visit. ","Other"
"13","How To Obtain A Copy Of This Notice. You have the right to a paper copy of this notice. You may request a paper copy at any time, even if you have previously agreed to receive this notice electronically. To do so, please call the Kaleida Health Privacy Officer at 716-859-8559. You may also obtain a copy of this notice from our website at www.Kaleidahealth.org, or by requesting a copy at your next visit. ","Privacy contact information"
"13","How To Obtain A Copy Of This Notice. You have the right to a paper copy of this notice. You may request a paper copy at any time, even if you have previously agreed to receive this notice electronically. To do so, please call the Kaleida Health Privacy Officer at 716-859-8559. You may also obtain a copy of this notice from our website at www.Kaleidahealth.org, or by requesting a copy at your next visit. ","Practice not covered"
"13","How To Obtain A Copy Of This Notice. You have the right to a paper copy of this notice. You may request a paper copy at any time, even if you have previously agreed to receive this notice electronically. To do so, please call the Kaleida Health Privacy Officer at 716-859-8559. You may also obtain a copy of this notice from our website at www.Kaleidahealth.org, or by requesting a copy at your next visit. ","User Access, Edit and Deletion"
"14","How To Obtain A Copy Of Revised Notice. Kaleida Health may change our privacy practices from time to time. If we do, we will revise this notice so you will have an accurate summary of our practices. The revised notice will apply to all of your health information. Kaleida Health will post any revised notice in our hospital reception area. You will also be able to obtain your own copy of the revised notice by accessing our website at www.Kaleidahealth.org, calling our office at 716-859-8559 or asking for one at the time of your next visit. The effective date of the notice will always be noted in the top right corner of the first page. Kaleida Health is required to abide by the terms of the notice that is currently in effect. ","Policy Change"
"14","How To Obtain A Copy Of Revised Notice. Kaleida Health may change our privacy practices from time to time. If we do, we will revise this notice so you will have an accurate summary of our practices. The revised notice will apply to all of your health information. Kaleida Health will post any revised notice in our hospital reception area. You will also be able to obtain your own copy of the revised notice by accessing our website at www.Kaleidahealth.org, calling our office at 716-859-8559 or asking for one at the time of your next visit. The effective date of the notice will always be noted in the top right corner of the first page. Kaleida Health is required to abide by the terms of the notice that is currently in effect. ","Privacy contact information"
"15","How To File A Complaint. If you believe your privacy rights have been violated, you may file a complaint with us or with the Secretary of the Department of Health and Human Services. To file a complaint with us, please contact the Kaleida Health Privacy Officer at 716-859-8559. In accordance with Kaleida Health corporate policy and federal law, no one will retaliate or take action against you for filing a complaint. ","Other"
"15","How To File A Complaint. If you believe your privacy rights have been violated, you may file a complaint with us or with the Secretary of the Department of Health and Human Services. To file a complaint with us, please contact the Kaleida Health Privacy Officer at 716-859-8559. In accordance with Kaleida Health corporate policy and federal law, no one will retaliate or take action against you for filing a complaint. ","Privacy contact information"
"16"," WHAT HEALTH INFORMATION IS PROTECTED Kaleida Health is committed to protecting the privacy of information we gather about you while providing health-related services. Some examples of protected health information are: information indicating that you are a patient at the hospital or receiving treatment or other health-related services from Kaleida Health; information about your health condition (such as a disease you may have); information about health care products or services you have received or may receive in the future (such as an operation); or information about your health care benefits under an insurance plan (such as whether a prescription is covered); when combined with: demographic information (such as your name, address, or insurance status); unique numbers that may identify you (such as your social security number, your phone number, or your driver's license number); and other types of information that may identify who you are. ","First Party Collection/Use"
"17"," HOW WE MAY USE AND DISCLOSE YOUR HEALTH INFORMATION 1. Treatment, Payment And Business Operations With your general written consent Kaleida Health may use your health information or share it with others in order to treat your condition, obtain payment for that treatment, and run our business operations. In some cases, Kaleida Health may also disclose your health information for payment activities and certain business operations of another health care provider or payor. Below are further examples of how your information may be used and disclosed for these purposes. ","Third Party Sharing/Collection"
"17"," HOW WE MAY USE AND DISCLOSE YOUR HEALTH INFORMATION 1. Treatment, Payment And Business Operations With your general written consent Kaleida Health may use your health information or share it with others in order to treat your condition, obtain payment for that treatment, and run our business operations. In some cases, Kaleida Health may also disclose your health information for payment activities and certain business operations of another health care provider or payor. Below are further examples of how your information may be used and disclosed for these purposes. ","First Party Collection/Use"
"18","Treatment. Kaleida Health may share your health information with doctors, nurses or treating practitioners at our facilities who are involved in taking care of you, and they may in turn use that information to diagnose or treat you. A treating practitioner at our hospital may share your health information with another health care provider inside our hospital, or with a treating practitioner at another hospital or health care facility, to determine how to diagnose or treat you. Your treating practitioner may also share your health information with another treating practitioner to whom you have been referred for further health care. ","Third Party Sharing/Collection"
"19","Payment. Kaleida Health may use your health information or share it with others so that we may obtain payment for your health care services. These include your health insurance company, employer-sponsored self-funded group health plan, Medicare, Medicaid, and any other party that may be responsible for paying or processing for payment of any portion your bill for services. For example, Kaleida Health may share information about you with your health insurance company in order to obtain reimbursement after we have treated you, or to determine whether it will cover your treatment. Kaleida Health might also need to inform a payor about your health condition in order to obtain pre-approval for your treatment, such as admitting you to the hospital for a particular type of surgery. Finally, we may share your information with other health care providers and payors for their payment activities. ","Third Party Sharing/Collection"
"19","Payment. Kaleida Health may use your health information or share it with others so that we may obtain payment for your health care services. These include your health insurance company, employer-sponsored self-funded group health plan, Medicare, Medicaid, and any other party that may be responsible for paying or processing for payment of any portion your bill for services. For example, Kaleida Health may share information about you with your health insurance company in order to obtain reimbursement after we have treated you, or to determine whether it will cover your treatment. Kaleida Health might also need to inform a payor about your health condition in order to obtain pre-approval for your treatment, such as admitting you to the hospital for a particular type of surgery. Finally, we may share your information with other health care providers and payors for their payment activities. ","First Party Collection/Use"
"20","Business Operations. Kaleida Health may use your health information or share it with others in order to conduct our business operations. For example, we may use your health information to evaluate the performance of our staff in caring for you, or to educate our staff on how to improve the care they provide for you. As Kaleida Health is a teaching facility, we may disclose your health information for training and educational purposes to faculty physicians, residents and medical, dental, nursing, pharmacy or other students in health-related professions from local colleges or universities affiliated with Kaleida Health. Finally, Kaleida Health may share your health information with other health care providers and payors for certain of their business operations if the information is related to a relationship the provider or payor currently has or previously had with you, and if the provider or payor is required by federal law to protect the privacy of your health information. ","First Party Collection/Use"
"20","Business Operations. Kaleida Health may use your health information or share it with others in order to conduct our business operations. For example, we may use your health information to evaluate the performance of our staff in caring for you, or to educate our staff on how to improve the care they provide for you. As Kaleida Health is a teaching facility, we may disclose your health information for training and educational purposes to faculty physicians, residents and medical, dental, nursing, pharmacy or other students in health-related professions from local colleges or universities affiliated with Kaleida Health. Finally, Kaleida Health may share your health information with other health care providers and payors for certain of their business operations if the information is related to a relationship the provider or payor currently has or previously had with you, and if the provider or payor is required by federal law to protect the privacy of your health information. ","Third Party Sharing/Collection"
"21","Appointment Reminders, Treatment Alternatives, Benefits And Services. In the course of providing treatment to you, Kaleida Health may use your health information to contact you with a reminder that you have an appointment for treatment or services at one of our facilities. Kaleida Health may also use your health information in order to recommend possible treatment alternatives or health-related benefits and services that may be of interest to you. ","First Party Collection/Use"
"22","Fundraising. To support our business operations, Kaleida Health may use demographic information about you, including information about your age and gender, where you live or work, and the dates that you received treatment, in order to contact you to raise money to help us operate. Kaleida Health may also share this information with a Kaleida Health charitable foundation that will contact you to raise money on our behalf. You may opt out of receiving such fundraising communications at any time. ","First Party Collection/Use"
"22","Fundraising. To support our business operations, Kaleida Health may use demographic information about you, including information about your age and gender, where you live or work, and the dates that you received treatment, in order to contact you to raise money to help us operate. Kaleida Health may also share this information with a Kaleida Health charitable foundation that will contact you to raise money on our behalf. You may opt out of receiving such fundraising communications at any time. ","User Choice/Control"
"22","Fundraising. To support our business operations, Kaleida Health may use demographic information about you, including information about your age and gender, where you live or work, and the dates that you received treatment, in order to contact you to raise money to help us operate. Kaleida Health may also share this information with a Kaleida Health charitable foundation that will contact you to raise money on our behalf. You may opt out of receiving such fundraising communications at any time. ","Third Party Sharing/Collection"
"23","Business Associates. Kaleida Health may disclose your health information to contractors, agents and other business associates who need the information in order to assist us with obtaining payment or carrying out our business operations. For example, Kaleida Health may share your health information with a billing company that helps us to obtain payment from your insurance company. Another example is that we may share your health information with an accounting firm or law firm that provides professional advice to us about how to improve our health care services and comply with the law. If Kaleida Health does disclose your health information to a business associate, we will have a written contract to ensure that our business associate also protects the privacy of your health information. ","Third Party Sharing/Collection"
"23","Business Associates. Kaleida Health may disclose your health information to contractors, agents and other business associates who need the information in order to assist us with obtaining payment or carrying out our business operations. For example, Kaleida Health may share your health information with a billing company that helps us to obtain payment from your insurance company. Another example is that we may share your health information with an accounting firm or law firm that provides professional advice to us about how to improve our health care services and comply with the law. If Kaleida Health does disclose your health information to a business associate, we will have a written contract to ensure that our business associate also protects the privacy of your health information. ","Data Security"
"24","Kaleida Health can do all of these things if you have signed a general written consent form. Once you sign this general written consent form, it will be in effect indefinitely unless you revoke your general written consent. You may revoke your general written consent at any time, except to the extent that we have already relied upon it. For example, if we provide you with treatment before you revoke your general written consent, we may still share your health information with your insurance company in order to obtain payment for that treatment. To revoke your general written consent, please write to the Kaleida Health Privacy Officer, 726 Exchange Street Suite 200, Buffalo, New York 14210. ","User Choice/Control"
"24","Kaleida Health can do all of these things if you have signed a general written consent form. Once you sign this general written consent form, it will be in effect indefinitely unless you revoke your general written consent. You may revoke your general written consent at any time, except to the extent that we have already relied upon it. For example, if we provide you with treatment before you revoke your general written consent, we may still share your health information with your insurance company in order to obtain payment for that treatment. To revoke your general written consent, please write to the Kaleida Health Privacy Officer, 726 Exchange Street Suite 200, Buffalo, New York 14210. ","Privacy contact information"
"24","Kaleida Health can do all of these things if you have signed a general written consent form. Once you sign this general written consent form, it will be in effect indefinitely unless you revoke your general written consent. You may revoke your general written consent at any time, except to the extent that we have already relied upon it. For example, if we provide you with treatment before you revoke your general written consent, we may still share your health information with your insurance company in order to obtain payment for that treatment. To revoke your general written consent, please write to the Kaleida Health Privacy Officer, 726 Exchange Street Suite 200, Buffalo, New York 14210. ","Third Party Sharing/Collection"
"24","Kaleida Health can do all of these things if you have signed a general written consent form. Once you sign this general written consent form, it will be in effect indefinitely unless you revoke your general written consent. You may revoke your general written consent at any time, except to the extent that we have already relied upon it. For example, if we provide you with treatment before you revoke your general written consent, we may still share your health information with your insurance company in order to obtain payment for that treatment. To revoke your general written consent, please write to the Kaleida Health Privacy Officer, 726 Exchange Street Suite 200, Buffalo, New York 14210. ","Practice not covered"
"25"," 2. Patient Directory/Family and Friends Kaleida Health may use your health information in, and disclose it from, our Patient Directory where applicable, or share it with family and friends involved in your care, without your written authorization. Kaleida Health will always give you an opportunity to object unless there is insufficient time because of a medical emergency (in which case we will discuss your preferences with you as soon as the emergency is over). Kaleida Health will follow your wishes unless we are required by law to do otherwise. ","Third Party Sharing/Collection"
"25"," 2. Patient Directory/Family and Friends Kaleida Health may use your health information in, and disclose it from, our Patient Directory where applicable, or share it with family and friends involved in your care, without your written authorization. Kaleida Health will always give you an opportunity to object unless there is insufficient time because of a medical emergency (in which case we will discuss your preferences with you as soon as the emergency is over). Kaleida Health will follow your wishes unless we are required by law to do otherwise. ","First Party Collection/Use"
"26","Patient Directory. If you do not object, Kaleida Health will include your name, your location in our facility, your general condition (e.g., fair, stable, critical, etc.) and your religious affiliation in our Patient Directory while you are a patient in the hospital or one of the facilities listed at the beginning of this notice. This directory information, except for your religious affiliation, may be released to people who ask for you by name. Your religious affiliation may be given to a member of the clergy, such as a priest or rabbi, even if he or she doesn't ask for you by name. Kaleida Health's policy is to not disclose protected health information about Behavioral Health patients except as permitted or required by law. ","First Party Collection/Use"
"26","Patient Directory. If you do not object, Kaleida Health will include your name, your location in our facility, your general condition (e.g., fair, stable, critical, etc.) and your religious affiliation in our Patient Directory while you are a patient in the hospital or one of the facilities listed at the beginning of this notice. This directory information, except for your religious affiliation, may be released to people who ask for you by name. Your religious affiliation may be given to a member of the clergy, such as a priest or rabbi, even if he or she doesn't ask for you by name. Kaleida Health's policy is to not disclose protected health information about Behavioral Health patients except as permitted or required by law. ","Third Party Sharing/Collection"
"27","Family and Friends Involved In Your Care. If you do not object, Kaleida Health may share your health information with a family member, relative, or close personal friend who is involved in your care or payment for that care. We may also notify a family member, personal representative or another person responsible for your care about your location and general condition here at the hospital, or about the unfortunate event of your death. In some cases, Kaleida Health may need to share your information with a disaster relief organization that will help us notify these persons. ","Third Party Sharing/Collection"
"28","Behavioral Health patients will be given the opportunity to object each time before information about them is released to family and friends. This will apply whether or not consent was authorized at time of admission in the Kaleida Health Consent for Treatment or Payment Agreement. ","User Choice/Control"
"28","Behavioral Health patients will be given the opportunity to object each time before information about them is released to family and friends. This will apply whether or not consent was authorized at time of admission in the Kaleida Health Consent for Treatment or Payment Agreement. ","Practice not covered"
"29"," 3. Emergencies Or Public Need Kaleida Health may use your health information, and share it with others, in order to treat you in an emergency or to meet important public needs. ","First Party Collection/Use"
"29"," 3. Emergencies Or Public Need Kaleida Health may use your health information, and share it with others, in order to treat you in an emergency or to meet important public needs. ","Third Party Sharing/Collection"
"30","Kaleida Health will not be required to obtain your general written consent before using or disclosing your information for these reasons. Kaleida Health will, however, obtain your written authorization for, or provide you with an opportunity to object to, the use and disclosure of your health information in these situations when state law specifically requires that we do so. ","User Choice/Control"
"30","Kaleida Health will not be required to obtain your general written consent before using or disclosing your information for these reasons. Kaleida Health will, however, obtain your written authorization for, or provide you with an opportunity to object to, the use and disclosure of your health information in these situations when state law specifically requires that we do so. ","International and Specific Audiences"
"30","Kaleida Health will not be required to obtain your general written consent before using or disclosing your information for these reasons. Kaleida Health will, however, obtain your written authorization for, or provide you with an opportunity to object to, the use and disclosure of your health information in these situations when state law specifically requires that we do so. ","Practice not covered"
"31","Emergencies. Kaleida Health may use or disclose your health information if you need emergency treatment or if we are required by law to treat you but are unable to obtain your general written consent. If this happens, Kaleida Health will try to obtain your general written consent as soon as we reasonably can after we treat you. ","First Party Collection/Use"
"31","Emergencies. Kaleida Health may use or disclose your health information if you need emergency treatment or if we are required by law to treat you but are unable to obtain your general written consent. If this happens, Kaleida Health will try to obtain your general written consent as soon as we reasonably can after we treat you. ","Third Party Sharing/Collection"
"32","Communication Barriers. Kaleida Health may use and disclose your health information if we are unable to obtain your general written consent because of substantial communication barriers, and we believe you would want us to treat you if we could communicate with you. ","User Choice/Control"
"32","Communication Barriers. Kaleida Health may use and disclose your health information if we are unable to obtain your general written consent because of substantial communication barriers, and we believe you would want us to treat you if we could communicate with you. ","Third Party Sharing/Collection"
"32","Communication Barriers. Kaleida Health may use and disclose your health information if we are unable to obtain your general written consent because of substantial communication barriers, and we believe you would want us to treat you if we could communicate with you. ","First Party Collection/Use"
"33","As Required By Law. Kaleida Health may use or disclose your health information if we are required by law to do so. Kaleida Health also will notify you of these uses and disclosures if notice is required by law. ","First Party Collection/Use"
"33","As Required By Law. Kaleida Health may use or disclose your health information if we are required by law to do so. Kaleida Health also will notify you of these uses and disclosures if notice is required by law. ","Third Party Sharing/Collection"
"34","Public Health Activities. Kaleida Health may disclose your health information to authorized public health officials (or a foreign government agency collaborating with such officials) so they may carry out their public health activities. For example, we may share your health information with government officials who are responsible for controlling disease, injury or disability. Kaleida Health may also disclose your health information to a person who may have been exposed to a communicable disease or be at risk for contracting or spreading the disease if a law permits us to do so. And finally, Kaleida Health may release some health information about you to your employer if your employer hires us to provide you with a physical exam and we discover that you have a work-related injury or disease that your employer must know about in order to comply with employment laws. ","Third Party Sharing/Collection"
"35","Victims Of Abuse, Neglect Or Domestic Violence. Kaleida Health may release your health information to a public health authority that is authorized to receive reports of abuse, neglect or domestic violence. For example, we may report your information to government officials if we reasonably believe that you have been a victim of such abuse, neglect or domestic violence. Kaleida Health will make every effort to obtain your permission before releasing this information, but in some cases we may be required or authorized to act without your permission. ","Third Party Sharing/Collection"
"36","Health Oversight Activities. Kaleida Health may release your health information to government agencies authorized to conduct audits, investigations, and inspections of our facility. These government agencies monitor the operation of the health care system, government benefit programs such as Medicare and Medicaid, and compliance with government regulatory programs and civil rights laws. ","Third Party Sharing/Collection"
"37","Product Monitoring, Repair And Recall. Kaleida Health may disclose your health information to a person or company that is regulated by the Food and Drug Administration for the purpose of: (1) reporting or tracking product defects or problems; (2) repairing, replacing, or recalling defective or dangerous products; or (3) monitoring the performance of a product after it has been approved for use by the general public. ","Third Party Sharing/Collection"
"38","Lawsuits And Disputes. Kaleida Health may disclose your health information if we are ordered to do so by a court or administrative tribunal that is handling a lawsuit or other dispute. ","Third Party Sharing/Collection"
"39","Law Enforcement. Kaleida Health may disclose your health information to law enforcement officials for the following reasons: To comply with court orders or laws that Kaleida Health is required to follow; To assist law enforcement officers with identifying or locating a suspect, fugitive, witness, or missing person; If you have been the victim of a crime and Kaleida Health determines that: (1) we have been unable to obtain your general written consent because of an emergency or your incapacity; (2) law enforcement officials need this information immediately to carry out their law enforcement duties; and (3) in our professional judgment disclosure to these officers is in your best interests; If Kaleida Health suspects that your death resulted from criminal conduct; If necessary to report a crime that occurred on our property; or If necessary to report a crime discovered during an offsite medical emergency (for example, by emergency medical technicians at the scene of a crime). ","Third Party Sharing/Collection"
"40","To Avert A Serious And Imminent Threat To Health Or Safety. Kaleida Health may use your health information or share it with others when necessary to prevent a serious and imminent threat to your health or safety, or the health or safety of another person or the public. In such cases, we will only share your information with someone able to help prevent the threat. Kaleida Health may also disclose your health information to law enforcement officers if you tell us that you participated in a violent crime that may have caused serious physical harm to another person (unless you admitted that fact while in counseling), or if we determine that you escaped from lawful custody. ","Third Party Sharing/Collection"
"40","To Avert A Serious And Imminent Threat To Health Or Safety. Kaleida Health may use your health information or share it with others when necessary to prevent a serious and imminent threat to your health or safety, or the health or safety of another person or the public. In such cases, we will only share your information with someone able to help prevent the threat. Kaleida Health may also disclose your health information to law enforcement officers if you tell us that you participated in a violent crime that may have caused serious physical harm to another person (unless you admitted that fact while in counseling), or if we determine that you escaped from lawful custody. ","First Party Collection/Use"
"41","National Security And Intelligence Activities Or Protective Services. Kaleida Health may disclose your health information to authorized federal officials who are conducting national security and intelligence activities or providing protective services to the President of the United States or other important officials. ","Third Party Sharing/Collection"
"42","Military And Veterans. If you are in the Armed Forces, Kaleida Health may disclose health information about you to appropriate military command authorities for activities they deem necessary to carry out their military mission. We may also release health information about foreign military personnel to the appropriate foreign military authority. ","Third Party Sharing/Collection"
"42","Military And Veterans. If you are in the Armed Forces, Kaleida Health may disclose health information about you to appropriate military command authorities for activities they deem necessary to carry out their military mission. We may also release health information about foreign military personnel to the appropriate foreign military authority. ","International and Specific Audiences"
"43","Inmates And Correctional Institutions. If you are an inmate or you are detained by a law enforcement officer, Kaleida Health may disclose your health information to the prison officers or law enforcement officers if necessary to provide you with health care, or to maintain safety, security and good order at the place where you are confined. This includes sharing information that is necessary to protect the health and safety of other inmates or persons involved in supervising or transporting inmates. ","Third Party Sharing/Collection"
"44","Workers' Compensation. Kaleida Health may disclose your health information for workers' compensation or similar programs that provide benefits for work-related injuries. ","Third Party Sharing/Collection"
"45","Coroners, Medical Examiners And Funeral Directors. In the unfortunate event of your death, Kaleida Health may disclose your health information to a coroner or medical examiner. This may be necessary, for example, to determine the cause of death. Kaleida Health may also release this information to funeral directors as necessary to carry out their duties. ","Third Party Sharing/Collection"
"46","Organ And Tissue Donation. In the unfortunate event of your death, Kaleida Health may disclose your health information to organizations that procure or store organs, eyes or other tissues so that these organizations may investigate whether donation or transplantation is possible under applicable laws. ","Third Party Sharing/Collection"
"47","Research. As appropriate, Kaleida Health will ask for your written authorization before using your health information or sharing it with others in order to conduct research. However, under some circumstances, Kaleida Health may use and disclose your health information without your written authorization if we obtain approval through a special process to ensure that research without your written authorization poses minimal risk to your privacy. Kaleida Health may also release your health information without your written authorization to people who are preparing a future research project. In the unfortunate event of your death, we may share your health information with people who are conducting research using the information of deceased persons. ","First Party Collection/Use"
"47","Research. As appropriate, Kaleida Health will ask for your written authorization before using your health information or sharing it with others in order to conduct research. However, under some circumstances, Kaleida Health may use and disclose your health information without your written authorization if we obtain approval through a special process to ensure that research without your written authorization poses minimal risk to your privacy. Kaleida Health may also release your health information without your written authorization to people who are preparing a future research project. In the unfortunate event of your death, we may share your health information with people who are conducting research using the information of deceased persons. ","Third Party Sharing/Collection"
"47","Research. As appropriate, Kaleida Health will ask for your written authorization before using your health information or sharing it with others in order to conduct research. However, under some circumstances, Kaleida Health may use and disclose your health information without your written authorization if we obtain approval through a special process to ensure that research without your written authorization poses minimal risk to your privacy. Kaleida Health may also release your health information without your written authorization to people who are preparing a future research project. In the unfortunate event of your death, we may share your health information with people who are conducting research using the information of deceased persons. ","User Choice/Control"
"48"," 4. Completely De-identified Or Partially De-identified Information. Kaleida Health may use and disclose your health information if we have removed any information that has the potential to identify you so that the health information is ""completely de-identified."" Kaleida Health may also use and disclose ""partially de-identified"" health information about you if the person who will receive the information signs an agreement to protect the privacy of the information as required by federal and state law. ","Third Party Sharing/Collection"
"48"," 4. Completely De-identified Or Partially De-identified Information. Kaleida Health may use and disclose your health information if we have removed any information that has the potential to identify you so that the health information is ""completely de-identified."" Kaleida Health may also use and disclose ""partially de-identified"" health information about you if the person who will receive the information signs an agreement to protect the privacy of the information as required by federal and state law. ","First Party Collection/Use"
"49","Partially de-identified health information will not contain any information that would directly identify you (such as your name, street address, social security number, phone number, fax number, electronic mail address, website address, or license number). ","Other"
"49","Partially de-identified health information will not contain any information that would directly identify you (such as your name, street address, social security number, phone number, fax number, electronic mail address, website address, or license number). ","Introductory/Generic"
"50"," 5. Incidental Disclosures While Kaleida Health will take reasonable steps to safeguard the privacy of your health information, certain disclosures of your health information may occur during or as an unavoidable result of our otherwise permissible uses or disclosures of your health information. For example, during the course of a treatment session, other patients in the treatment area may see, or overhear discussion of, your health information. ","Data Security"
"51"," YOUR RIGHTS TO ACCESS AND CONTROL YOUR HEALTH INFORMATION Kaleida Health wants you to know that you have the following rights to access and control your health information. These rights are important because they will help you make sure that the health information we have about you is accurate. They may also help you control the way Kaleida Health uses your information and share it with others, or the way we communicate with you about your medical matters. ","Introductory/Generic"
"51"," YOUR RIGHTS TO ACCESS AND CONTROL YOUR HEALTH INFORMATION Kaleida Health wants you to know that you have the following rights to access and control your health information. These rights are important because they will help you make sure that the health information we have about you is accurate. They may also help you control the way Kaleida Health uses your information and share it with others, or the way we communicate with you about your medical matters. ","User Access, Edit and Deletion"
"52"," 1. Right To Inspect And Copy Records You have the right to inspect and obtain a copy of any of your health information that may be used to make decisions about you and your treatment for as long as we maintain this information in our records. This includes medical and billing records. To inspect or obtain a copy of your health information, please submit your request in writing to the Kaleida Health hospital or clinic at which you received your care. If you request a copy of the information, Kaleida Health may charge a fee for the costs of copying, mailing or other supplies we use to fulfill your request. The standard fee is $0.75 per page and must generally be paid before or at the time we give the copies to you. ","User Access, Edit and Deletion"
"53","Kaleida Health will respond to your request for inspection of records within 10 days. Kaleida Health ordinarily will respond to requests for copies within 30 days if the information is located in our facility, and within 60 days if it is located off-site at another facility. If we need additional time to respond to a request for copies, we will notify you in writing within the time frame above to explain the reason for the delay and when you can expect to have a final answer to your request. ","Other"
"53","Kaleida Health will respond to your request for inspection of records within 10 days. Kaleida Health ordinarily will respond to requests for copies within 30 days if the information is located in our facility, and within 60 days if it is located off-site at another facility. If we need additional time to respond to a request for copies, we will notify you in writing within the time frame above to explain the reason for the delay and when you can expect to have a final answer to your request. ","User Access, Edit and Deletion"
"53","Kaleida Health will respond to your request for inspection of records within 10 days. Kaleida Health ordinarily will respond to requests for copies within 30 days if the information is located in our facility, and within 60 days if it is located off-site at another facility. If we need additional time to respond to a request for copies, we will notify you in writing within the time frame above to explain the reason for the delay and when you can expect to have a final answer to your request. ","Introductory/Generic"
"54","Under certain very limited circumstances, Kaleida Health may deny your request to inspect or obtain a copy of your information. If we do, Kaleida Health will provide you with a summary of the information instead. Kaleida Health will also provide a written notice that explains our reasons for providing only a summary, and a complete description of your rights to have that decision reviewed and how you can exercise those rights. The notice will also include information on how to file a complaint about these issues with us or with the Secretary of the Department of Health and Human Services. If we have reason to deny only part of your request, Kaleida Health will provide complete access to the remaining parts after excluding the information we cannot let you inspect or copy. ","Other"
"54","Under certain very limited circumstances, Kaleida Health may deny your request to inspect or obtain a copy of your information. If we do, Kaleida Health will provide you with a summary of the information instead. Kaleida Health will also provide a written notice that explains our reasons for providing only a summary, and a complete description of your rights to have that decision reviewed and how you can exercise those rights. The notice will also include information on how to file a complaint about these issues with us or with the Secretary of the Department of Health and Human Services. If we have reason to deny only part of your request, Kaleida Health will provide complete access to the remaining parts after excluding the information we cannot let you inspect or copy. ","Practice not covered"
"55"," 2. Right To Amend Records If you believe that the health information we have about you is incorrect or incomplete, you may ask Kaleida Health to amend the information. You have the right to request an amendment for as long as the information is kept in our records. To request an amendment, please write to the Kaleida Health Privacy Officer, 726 Exchange Street Suite 200, Buffalo, NY 14210. Your request should include the reasons why you think Kaleida Health should make the amendment. Ordinarily Kaleida Health will respond to your request within 60 days. If Kaleida Health needs additional time to respond, we will notify you in writing within 60 days to explain the reason for the delay and when you can expect to have a final answer to your request. ","User Access, Edit and Deletion"
"55"," 2. Right To Amend Records If you believe that the health information we have about you is incorrect or incomplete, you may ask Kaleida Health to amend the information. You have the right to request an amendment for as long as the information is kept in our records. To request an amendment, please write to the Kaleida Health Privacy Officer, 726 Exchange Street Suite 200, Buffalo, NY 14210. Your request should include the reasons why you think Kaleida Health should make the amendment. Ordinarily Kaleida Health will respond to your request within 60 days. If Kaleida Health needs additional time to respond, we will notify you in writing within 60 days to explain the reason for the delay and when you can expect to have a final answer to your request. ","Privacy contact information"
"56","If Kaleida Health denies part or all of your request, we will provide a written notice that explains our reasons for doing so. You will have the right to have certain information related to your requested amendment included in your records. For example, if you disagree with our decision, you will have an opportunity to submit a statement explaining your disagreement which we will include in your records. Kaleida Health will also include information on how to file a complaint with us or with the Secretary of the Department of Health and Human Services. These procedures will be explained in more detail in any written denial notice we send you. ","Other"
"56","If Kaleida Health denies part or all of your request, we will provide a written notice that explains our reasons for doing so. You will have the right to have certain information related to your requested amendment included in your records. For example, if you disagree with our decision, you will have an opportunity to submit a statement explaining your disagreement which we will include in your records. Kaleida Health will also include information on how to file a complaint with us or with the Secretary of the Department of Health and Human Services. These procedures will be explained in more detail in any written denial notice we send you. ","Practice not covered"
"57"," 3. Right To An Accounting Of Disclosures You have a right to request an ""accounting of disclosures"" which identifies certain other persons or organizations to whom we have disclosed your health information in accordance with applicable law and the protections afforded in this Notice of Privacy Practices. An accounting of disclosures does not describe the ways that your health information has been shared within and between the hospital and the facilities listed at the beginning of this notice, as long as all other protections described in this Notice of Privacy Practices have been followed (such as obtaining the required approvals before sharing your health information with our doctors for research purposes). ","Practice not covered"
"57"," 3. Right To An Accounting Of Disclosures You have a right to request an ""accounting of disclosures"" which identifies certain other persons or organizations to whom we have disclosed your health information in accordance with applicable law and the protections afforded in this Notice of Privacy Practices. An accounting of disclosures does not describe the ways that your health information has been shared within and between the hospital and the facilities listed at the beginning of this notice, as long as all other protections described in this Notice of Privacy Practices have been followed (such as obtaining the required approvals before sharing your health information with our doctors for research purposes). ","User Access, Edit and Deletion"
"57"," 3. Right To An Accounting Of Disclosures You have a right to request an ""accounting of disclosures"" which identifies certain other persons or organizations to whom we have disclosed your health information in accordance with applicable law and the protections afforded in this Notice of Privacy Practices. An accounting of disclosures does not describe the ways that your health information has been shared within and between the hospital and the facilities listed at the beginning of this notice, as long as all other protections described in this Notice of Privacy Practices have been followed (such as obtaining the required approvals before sharing your health information with our doctors for research purposes). ","Third Party Sharing/Collection"
"58","An accounting of disclosures also does not include information about the following disclosures: Disclosures we made to you or your personal representative; Disclosures we made pursuant to your written authorization; Disclosures we made for treatment, payment or business operations; Disclosures made from the patient directory; Disclosures made to your friends and family involved in your care or payment for your care; Disclosures that were incidental to permissible uses and disclosures of your health information (for example, when information is overheard by another patient passing by); Disclosures for purposes of research, public health or our business operations of limited portions of your health information that do not directly identify you; Disclosures made to federal officials for national security and intelligence activities; Disclosures about inmates to correctional institutions or law enforcement officers; Disclosures made prior to six years from the date of your request. ","Practice not covered"
"58","An accounting of disclosures also does not include information about the following disclosures: Disclosures we made to you or your personal representative; Disclosures we made pursuant to your written authorization; Disclosures we made for treatment, payment or business operations; Disclosures made from the patient directory; Disclosures made to your friends and family involved in your care or payment for your care; Disclosures that were incidental to permissible uses and disclosures of your health information (for example, when information is overheard by another patient passing by); Disclosures for purposes of research, public health or our business operations of limited portions of your health information that do not directly identify you; Disclosures made to federal officials for national security and intelligence activities; Disclosures about inmates to correctional institutions or law enforcement officers; Disclosures made prior to six years from the date of your request. ","User Access, Edit and Deletion"
"59","To request an accounting of disclosures, please write to the Kaleida Health Privacy Officer, 726 Exchange Street Suite 200, Buffalo, NY 14210. ","Privacy contact information"
"60","Your request must state a time period within the past six years for the disclosures you want us to include. For example, you may request a list of the disclosures that we made the previous year between January 1 and June 1. You have a right to receive one accounting within every 12 month period for free. However, we may charge you for the cost of providing any additional accounting in that same 12 month period. Kaleida Health will always notify you of any cost involved so that you may choose to withdraw or modify your request before any costs are incurred. ","Practice not covered"
"60","Your request must state a time period within the past six years for the disclosures you want us to include. For example, you may request a list of the disclosures that we made the previous year between January 1 and June 1. You have a right to receive one accounting within every 12 month period for free. However, we may charge you for the cost of providing any additional accounting in that same 12 month period. Kaleida Health will always notify you of any cost involved so that you may choose to withdraw or modify your request before any costs are incurred. ","User Access, Edit and Deletion"
"61","Ordinarily Kaleida Health will respond to your request for an accounting within 60 days. If we need additional time to prepare the accounting you have requested, we will notify you in writing about the reason for the delay and the date when you can expect to receive the accounting. In rare cases, Kaleida Health may have to delay providing you with the accounting without notifying you because a law enforcement official or government agency has asked us to do so. ","Practice not covered"
"61","Ordinarily Kaleida Health will respond to your request for an accounting within 60 days. If we need additional time to prepare the accounting you have requested, we will notify you in writing about the reason for the delay and the date when you can expect to receive the accounting. In rare cases, Kaleida Health may have to delay providing you with the accounting without notifying you because a law enforcement official or government agency has asked us to do so. ","User Access, Edit and Deletion"
"62"," 4. Right To Request Additional Privacy Protections You have the right to request that we further restrict the way Kaleida Health uses and discloses your health information to treat your condition, collect payment for that treatment, or run our business operations. If your restriction applies to disclosure of information to a health plan where you paid in full out of pocket for items or services, and the disclosure is not otherwise required by law, we are required to honor that request. You may also request that we limit how we disclose information about you to family or friends involved in your care. For example, you could request that we not disclose information about a surgery you had. To request restrictions, please write to the Kaleida Health Privacy Officer, 726 Exchange Street Suite 200, Buffalo, NY 14210. Your request should include (1) what information you want to limit; (2) whether you want to limit how we use the information, how we share it with others, or both; and (3) to whom you want the limits to apply. ","Practice not covered"
"62"," 4. Right To Request Additional Privacy Protections You have the right to request that we further restrict the way Kaleida Health uses and discloses your health information to treat your condition, collect payment for that treatment, or run our business operations. If your restriction applies to disclosure of information to a health plan where you paid in full out of pocket for items or services, and the disclosure is not otherwise required by law, we are required to honor that request. You may also request that we limit how we disclose information about you to family or friends involved in your care. For example, you could request that we not disclose information about a surgery you had. To request restrictions, please write to the Kaleida Health Privacy Officer, 726 Exchange Street Suite 200, Buffalo, NY 14210. Your request should include (1) what information you want to limit; (2) whether you want to limit how we use the information, how we share it with others, or both; and (3) to whom you want the limits to apply. ","User Choice/Control"
"62"," 4. Right To Request Additional Privacy Protections You have the right to request that we further restrict the way Kaleida Health uses and discloses your health information to treat your condition, collect payment for that treatment, or run our business operations. If your restriction applies to disclosure of information to a health plan where you paid in full out of pocket for items or services, and the disclosure is not otherwise required by law, we are required to honor that request. You may also request that we limit how we disclose information about you to family or friends involved in your care. For example, you could request that we not disclose information about a surgery you had. To request restrictions, please write to the Kaleida Health Privacy Officer, 726 Exchange Street Suite 200, Buffalo, NY 14210. Your request should include (1) what information you want to limit; (2) whether you want to limit how we use the information, how we share it with others, or both; and (3) to whom you want the limits to apply. ","Privacy contact information"
"62"," 4. Right To Request Additional Privacy Protections You have the right to request that we further restrict the way Kaleida Health uses and discloses your health information to treat your condition, collect payment for that treatment, or run our business operations. If your restriction applies to disclosure of information to a health plan where you paid in full out of pocket for items or services, and the disclosure is not otherwise required by law, we are required to honor that request. You may also request that we limit how we disclose information about you to family or friends involved in your care. For example, you could request that we not disclose information about a surgery you had. To request restrictions, please write to the Kaleida Health Privacy Officer, 726 Exchange Street Suite 200, Buffalo, NY 14210. Your request should include (1) what information you want to limit; (2) whether you want to limit how we use the information, how we share it with others, or both; and (3) to whom you want the limits to apply. ","User Access, Edit and Deletion"
"63","Except as noted above, Kaleida Health is not required to agree to your request for a restriction, and in some cases the restriction you request may not be permitted under law. However, if Kaleida Health does agree, we will be bound by our agreement unless the information is needed to provide you with emergency treatment or comply with the law. Once Kaleida Health has agreed to a restriction, you have the right to revoke the restriction at any time. Under some circumstances, Kaleida will also have the right to revoke the restriction as long as we notify you before doing so; in other cases, we will need your permission before we can revoke the restriction. ","Practice not covered"
"64"," 5. Right To Request Confidential Communications You have the right to request that we communicate with you about your medical matters in a more confidential way by requesting that Kaleida Health communicates with you by alternative means or at alternative locations. For example, you may ask that we contact you at home instead of at work. ","Practice not covered"
"64"," 5. Right To Request Confidential Communications You have the right to request that we communicate with you about your medical matters in a more confidential way by requesting that Kaleida Health communicates with you by alternative means or at alternative locations. For example, you may ask that we contact you at home instead of at work. ","User Choice/Control"
"65","To request more confidential communications, please write to the Kaleida Health Privacy Officer, 726 Exchange Street Suite 200, Buffalo, NY 14210. Kaleida Health will not ask you the reason for your request, and we will try to accommodate all reasonable requests. Please specify in your request how or where you wish to be contacted, and how payment for your health care will be handled if Kaleida Health communicates with you through this alternative method or location.","Practice not covered"
"65","To request more confidential communications, please write to the Kaleida Health Privacy Officer, 726 Exchange Street Suite 200, Buffalo, NY 14210. Kaleida Health will not ask you the reason for your request, and we will try to accommodate all reasonable requests. Please specify in your request how or where you wish to be contacted, and how payment for your health care will be handled if Kaleida Health communicates with you through this alternative method or location.","Privacy contact information"
