"0","Privacy Policy Sally Ride Science is committed to protecting the privacy of its customers. The Sally Ride Science websites provide innovative and interactive online science, math and technology related activities for young girls and boys, while safeguarding their privacy. Parental consent and the protection of personal information are the cornerstones of our approach to online privacy. ","Data Security"
"0","Privacy Policy Sally Ride Science is committed to protecting the privacy of its customers. The Sally Ride Science websites provide innovative and interactive online science, math and technology related activities for young girls and boys, while safeguarding their privacy. Parental consent and the protection of personal information are the cornerstones of our approach to online privacy. ","Introductory/Generic"
"0","Privacy Policy Sally Ride Science is committed to protecting the privacy of its customers. The Sally Ride Science websites provide innovative and interactive online science, math and technology related activities for young girls and boys, while safeguarding their privacy. Parental consent and the protection of personal information are the cornerstones of our approach to online privacy. ","International and Specific Audiences"
"1","Sally Ride Science is also committed to complying fully with the Children's Online Privacy Protection Act of 1998. We limit the collection, use and disclosure of personal information collected on the Sally Ride Science websites from children under the age of thirteen. Our information collection practices and privacy and security measures are described below. ","International and Specific Audiences"
"2","Why and How We Collect and Store Information Sally Ride Science collects and stores some information about your daughter or son, to allow her or him to participate in some activities. For example, we store and use email addresses and other contact information to communicate with users about contests and other special events. We request parent contact information and parent consent when a girl or boy participates in Sally Ride Science events and activities. This enables us to confirm that a parent consents to their daughter's or son's participation in an event or activity and agrees to the terms of our privacy policy. ","International and Specific Audiences"
"2","Why and How We Collect and Store Information Sally Ride Science collects and stores some information about your daughter or son, to allow her or him to participate in some activities. For example, we store and use email addresses and other contact information to communicate with users about contests and other special events. We request parent contact information and parent consent when a girl or boy participates in Sally Ride Science events and activities. This enables us to confirm that a parent consents to their daughter's or son's participation in an event or activity and agrees to the terms of our privacy policy. ","First Party Collection/Use"
"3","Sally Ride Science may disclose general, aggregated information that is not specifically associated with any child, to sponsors and other third parties. This information might include, for example, first name or screen name, age, city/state/country, special interests, etc., not readily identifiable to your son or daughter. ","Third Party Sharing/Collection"
"4","We may also compile information regarding site traffic to determine the number of visitors to any of the Sally Ride Science websites, how long each visitor stayed, what pages of the site were visited and other general information, which is not otherwise personally identifiable to your daughter or son. We might share aggregate (non-personal) information compiled from traffic reports with our partners or sponsors. ","First Party Collection/Use"
"4","We may also compile information regarding site traffic to determine the number of visitors to any of the Sally Ride Science websites, how long each visitor stayed, what pages of the site were visited and other general information, which is not otherwise personally identifiable to your daughter or son. We might share aggregate (non-personal) information compiled from traffic reports with our partners or sponsors. ","Third Party Sharing/Collection"
"5","No Disclosure of Personally Identifiable Information Sally Ride Science will not disclose or sell personally identifiable information (such as full name, email address, school, etc.) about your child without your prior consent. At this time, we would only disclose personally identifiable information about your daughter or son to a successor to our business or to a third party that helps us run Sally Ride Science events and activities (such as a company that hosts our website), but only if that party agrees to comply with our privacy policy and to maintain the confidentiality and security of the information. Should you not agree to this limited third party disclosure of your child's personally identifiable information, please contact the Sally Ride Science operator at the address below. ","Third Party Sharing/Collection"
"5","No Disclosure of Personally Identifiable Information Sally Ride Science will not disclose or sell personally identifiable information (such as full name, email address, school, etc.) about your child without your prior consent. At this time, we would only disclose personally identifiable information about your daughter or son to a successor to our business or to a third party that helps us run Sally Ride Science events and activities (such as a company that hosts our website), but only if that party agrees to comply with our privacy policy and to maintain the confidentiality and security of the information. Should you not agree to this limited third party disclosure of your child's personally identifiable information, please contact the Sally Ride Science operator at the address below. ","International and Specific Audiences"
"5","No Disclosure of Personally Identifiable Information Sally Ride Science will not disclose or sell personally identifiable information (such as full name, email address, school, etc.) about your child without your prior consent. At this time, we would only disclose personally identifiable information about your daughter or son to a successor to our business or to a third party that helps us run Sally Ride Science events and activities (such as a company that hosts our website), but only if that party agrees to comply with our privacy policy and to maintain the confidentiality and security of the information. Should you not agree to this limited third party disclosure of your child's personally identifiable information, please contact the Sally Ride Science operator at the address below. ","User Choice/Control"
"6","Review Your Child's Data and Security Sally Ride Science allows you, as a parent or guardian, to review, modify, or delete account information regarding your daughter or son at any time; and you may also refuse to allow any further collection or use of your child's personal information. ","User Access, Edit and Deletion"
"6","Review Your Child's Data and Security Sally Ride Science allows you, as a parent or guardian, to review, modify, or delete account information regarding your daughter or son at any time; and you may also refuse to allow any further collection or use of your child's personal information. ","User Choice/Control"
"7","To (a) initiate a review of your son's or daughter's account information, (b) correct factual errors in such information, (c) request to have information deleted, or (d) request that we no longer collect or maintain such information about your child, please call us at 1.800.561.5161 or email us. ","Privacy contact information"
"7","To (a) initiate a review of your son's or daughter's account information, (b) correct factual errors in such information, (c) request to have information deleted, or (d) request that we no longer collect or maintain such information about your child, please call us at 1.800.561.5161 or email us. ","International and Specific Audiences"
"7","To (a) initiate a review of your son's or daughter's account information, (b) correct factual errors in such information, (c) request to have information deleted, or (d) request that we no longer collect or maintain such information about your child, please call us at 1.800.561.5161 or email us. ","User Access, Edit and Deletion"
"7","To (a) initiate a review of your son's or daughter's account information, (b) correct factual errors in such information, (c) request to have information deleted, or (d) request that we no longer collect or maintain such information about your child, please call us at 1.800.561.5161 or email us. ","User Choice/Control"
"8","To protect your daughter's or son's privacy and security, we will take reasonable steps to verify your identity as the child's parent/guardian before granting you access to the personal information that we collect and maintain about your daughter or son. ","Data Security"
"9","Sally Ride Science has taken steps to ensure that any information we collect is secure. Our security measures include limiting the number of people who have physical access to our database and servers, utilizing electronic security systems, and using password protections that guard against unauthorized access. We are also sensitive to security concerns regarding the use of credit cards for purchases. We protect your credit card information (and all other personal information) using Secure Socket Layer (SSL) technology that automatically encrypts all data while information is being transmitted over the Internet. Furthermore, we will not keep your credit card number in our database once a transaction is completed. ","Data Security"
"9","Sally Ride Science has taken steps to ensure that any information we collect is secure. Our security measures include limiting the number of people who have physical access to our database and servers, utilizing electronic security systems, and using password protections that guard against unauthorized access. We are also sensitive to security concerns regarding the use of credit cards for purchases. We protect your credit card information (and all other personal information) using Secure Socket Layer (SSL) technology that automatically encrypts all data while information is being transmitted over the Internet. Furthermore, we will not keep your credit card number in our database once a transaction is completed. ","Data Retention"
"10","If you have any questions, comments or concerns regarding the Sally Ride Science's privacy policy, please contact us at: Privacy Coordinator Sally Ride Science 9191 Towne Centre Drive, Suite L101 San Diego, CA 92122 Tel: 1.800.561.5161","Privacy contact information"
"1","Sally Ride Science is also committed to complying fully with the Children's Online Privacy Protection Act of 1998. We limit the collection, use and disclosure of personal information collected on the Sally Ride Science websites from children under the age of thirteen. Our information collection practices and privacy and security measures are described below. ","Data Security"
"2","Why and How We Collect and Store Information Sally Ride Science collects and stores some information about your daughter or son, to allow her or him to participate in some activities. For example, we store and use email addresses and other contact information to communicate with users about contests and other special events. We request parent contact information and parent consent when a girl or boy participates in Sally Ride Science events and activities. This enables us to confirm that a parent consents to their daughter's or son's participation in an event or activity and agrees to the terms of our privacy policy. ","Practice not covered"
"3","Sally Ride Science may disclose general, aggregated information that is not specifically associated with any child, to sponsors and other third parties. This information might include, for example, first name or screen name, age, city/state/country, special interests, etc., not readily identifiable to your son or daughter. ","International and Specific Audiences"
"5","No Disclosure of Personally Identifiable Information Sally Ride Science will not disclose or sell personally identifiable information (such as full name, email address, school, etc.) about your child without your prior consent. At this time, we would only disclose personally identifiable information about your daughter or son to a successor to our business or to a third party that helps us run Sally Ride Science events and activities (such as a company that hosts our website), but only if that party agrees to comply with our privacy policy and to maintain the confidentiality and security of the information. Should you not agree to this limited third party disclosure of your child's personally identifiable information, please contact the Sally Ride Science operator at the address below. ","Other"
"6","Review Your Child's Data and Security Sally Ride Science allows you, as a parent or guardian, to review, modify, or delete account information regarding your daughter or son at any time; and you may also refuse to allow any further collection or use of your child's personal information. ","International and Specific Audiences"
"8","To protect your daughter's or son's privacy and security, we will take reasonable steps to verify your identity as the child's parent/guardian before granting you access to the personal information that we collect and maintain about your daughter or son. ","International and Specific Audiences"
